<?xml version = "1.0" encoding = "utf-8"?>
<!DOCTYPE hibernate-configuration SYSTEM
        "http://www.hibernate.org/dtd/hibernate-configuration-3.0.dtd">
<!--suppress CheckTagEmptyBody -->
<hibernate-configuration>
    <session-factory>

 		<!--        MySQL Database-->
        <property name="connection.url">jdbc:mysql://localhost:3306/sbajpa?createDatabaseIfNotExist=true</property>
        <property name="connection.username">root</property>
        <property name="connection.password">password</property>
        <property name="connection.driver_class">com.mysql.cj.jdbc.Driver</property>
        <property name="dialect">org.hibernate.dialect.MySQLDialect</property>
 

        <!--        H2 Database -->
        <!-- <property name="connection.url">jdbc:h2:mem:test</property>
        <property name="connection.username">sa</property>
        <property name="connection.password"></property>
        <property name="connection.driver_class">org.h2.Driver</property>
        <property name="dialect">org.hibernate.dialect.H2Dialect</property> -->


        <!--        MariaDB Database-->
        <!--        <property name="connection.url">jdbc:mariadb://localhost:3306/sbajpa?createDatabaseIfNotExist=true</property>-->
        <!--        <property name="connection.username">root</property>-->
        <!--        <property name="connection.password">root</property>-->
        <!--        <property name="connection.driver_class">org.mariadb.jdbc.Driver</property>-->
        <!--        <property name="dialect">org.hibernate.dialect.MariaDB106Dialect</property>-->



        <!--        Console SQL statements and queries-->
        <!--        <property name="show_sql">true</property>-->
        <!--        <property name="format_sql">true</property>-->
        <!-- <property name="hibernate.use_sql_comments">true</property> -->


        <property name="hbm2ddl.auto">update</property>
        <property name="org.hibernate.flushMode">AUTO</property>
        <!-- JDBC connection pool (use the built-in) -->
        <property name="connection.pool_size">10</property>
        <!-- each session runs in a thread (thread-safe) -->
        <property name="current_session_context_class">thread</property>
        <!-- Mapping models -->
        <mapping class="sba.sms.models.Student"/>
        <mapping class="sba.sms.models.Course"/>


    </session-factory>
</hibernate-configuration>